[{"type":"notebooks","id":"6a08779b-1496-99f9-4024-7937535eb6a8","parentId":"0","name":"ARTH 114","count":0,"trash":0,"created":1535476131842,"updated":1535476131842},{"type":"notebooks","id":"533952d5-acba-41f5-7627-2e7f51807906","parentId":"0","name":"CPSC 326","count":0,"trash":0,"created":1535377093344,"updated":1535377093344},{"type":"notebooks","id":"f3e9103b-c6d8-854b-b141-c7763d2d0f66","parentId":"0","name":"CPSC 430","count":0,"trash":0,"created":1535457788901,"updated":1535457788901},{"type":"notebooks","id":"571fe72e-4103-1a34-ff9f-428edd128074","parentId":"0","name":"ECON 202","count":0,"trash":0,"created":1535480852893,"updated":1535480852893},{"type":"notebooks","id":"db6504f8-c950-6dae-40dd-29147fe01d75","parentId":"0","name":"PSCI 201","count":0,"trash":0,"created":1535383488239,"updated":1535383488239}]